1,1,0.0055248618784530384,BoulwareNegotiationParty@0,(Offer  bid:Bid[Pie: a1000])
1,2,0.0055248618784530384,BoulwareNegotiationParty@1,(Offer  bid:Bid[Pie: a0])
1,3,0.0055248618784530384,RandomCounterOfferNegotiationParty@2,(Offer  bid:Bid[Pie: a316])
2,1,0.011049723756906077,BoulwareNegotiationParty@0,(Offer  bid:Bid[Pie: a1000])
2,2,0.011049723756906077,BoulwareNegotiationParty@1,(Offer  bid:Bid[Pie: a0])
2,3,0.011049723756906077,RandomCounterOfferNegotiationParty@2,(Offer  bid:Bid[Pie: a464])
3,1,0.016574585635359115,BoulwareNegotiationParty@0,(Offer  bid:Bid[Pie: a1000])
3,2,0.016574585635359115,BoulwareNegotiationParty@1,(Offer  bid:Bid[Pie: a0])
3,3,0.016574585635359115,RandomCounterOfferNegotiationParty@2,(Offer  bid:Bid[Pie: a3])
4,1,0.022099447513812154,BoulwareNegotiationParty@0,(Offer  bid:Bid[Pie: a1000])
4,2,0.022099447513812154,BoulwareNegotiationParty@1,(Offer  bid:Bid[Pie: a0])
4,3,0.022099447513812154,RandomCounterOfferNegotiationParty@2,(Offer  bid:Bid[Pie: a138])
5,1,0.027624309392265192,BoulwareNegotiationParty@0,(Offer  bid:Bid[Pie: a1000])
5,2,0.027624309392265192,BoulwareNegotiationParty@1,(Offer  bid:Bid[Pie: a0])
5,3,0.027624309392265192,RandomCounterOfferNegotiationParty@2,(Offer  bid:Bid[Pie: a640])
6,1,0.03314917127071823,BoulwareNegotiationParty@0,(Offer  bid:Bid[Pie: a1000])
6,2,0.03314917127071823,BoulwareNegotiationParty@1,(Offer  bid:Bid[Pie: a0])
6,3,0.03314917127071823,RandomCounterOfferNegotiationParty@2,(Offer  bid:Bid[Pie: a404])
7,1,0.03867403314917127,BoulwareNegotiationParty@0,(Offer  bid:Bid[Pie: a1000])
7,2,0.03867403314917127,BoulwareNegotiationParty@1,(Offer  bid:Bid[Pie: a0])
7,3,0.03867403314917127,RandomCounterOfferNegotiationParty@2,(Offer  bid:Bid[Pie: a706])
8,1,0.04419889502762431,BoulwareNegotiationParty@0,(Offer  bid:Bid[Pie: a1000])
8,2,0.04419889502762431,BoulwareNegotiationParty@1,(Offer  bid:Bid[Pie: a0])
8,3,0.04419889502762431,RandomCounterOfferNegotiationParty@2,(Offer  bid:Bid[Pie: a852])
9,1,0.049723756906077346,BoulwareNegotiationParty@0,(Offer  bid:Bid[Pie: a1000])
9,2,0.049723756906077346,BoulwareNegotiationParty@1,(Offer  bid:Bid[Pie: a0])
9,3,0.049723756906077346,RandomCounterOfferNegotiationParty@2,(Offer  bid:Bid[Pie: a634])
10,1,0.055248618784530384,BoulwareNegotiationParty@0,(Offer  bid:Bid[Pie: a1000])
10,2,0.055248618784530384,BoulwareNegotiationParty@1,(Offer  bid:Bid[Pie: a0])
10,3,0.055248618784530384,RandomCounterOfferNegotiationParty@2,(Offer  bid:Bid[Pie: a665])
11,1,0.06077348066298342,BoulwareNegotiationParty@0,(Offer  bid:Bid[Pie: a1000])
11,2,0.06077348066298342,BoulwareNegotiationParty@1,(Offer  bid:Bid[Pie: a0])
11,3,0.06077348066298342,RandomCounterOfferNegotiationParty@2,(Offer  bid:Bid[Pie: a324])
12,1,0.06629834254143646,BoulwareNegotiationParty@0,(Offer  bid:Bid[Pie: a1000])
12,2,0.06629834254143646,BoulwareNegotiationParty@1,(Offer  bid:Bid[Pie: a0])
12,3,0.06629834254143646,RandomCounterOfferNegotiationParty@2,(Offer  bid:Bid[Pie: a104])
13,1,0.0718232044198895,BoulwareNegotiationParty@0,(Offer  bid:Bid[Pie: a1000])
13,2,0.0718232044198895,BoulwareNegotiationParty@1,(Offer  bid:Bid[Pie: a0])
13,3,0.0718232044198895,RandomCounterOfferNegotiationParty@2,(Offer  bid:Bid[Pie: a149])
14,1,0.07734806629834254,BoulwareNegotiationParty@0,(Offer  bid:Bid[Pie: a1000])
14,2,0.07734806629834254,BoulwareNegotiationParty@1,(Offer  bid:Bid[Pie: a0])
14,3,0.07734806629834254,RandomCounterOfferNegotiationParty@2,(Offer  bid:Bid[Pie: a549])
15,1,0.08287292817679558,BoulwareNegotiationParty@0,(Offer  bid:Bid[Pie: a1000])
15,2,0.08287292817679558,BoulwareNegotiationParty@1,(Offer  bid:Bid[Pie: a0])
15,3,0.08287292817679558,RandomCounterOfferNegotiationParty@2,(Offer  bid:Bid[Pie: a720])
16,1,0.08839779005524862,BoulwareNegotiationParty@0,(Offer  bid:Bid[Pie: a1000])
16,2,0.08839779005524862,BoulwareNegotiationParty@1,(Offer  bid:Bid[Pie: a0])
16,3,0.08839779005524862,RandomCounterOfferNegotiationParty@2,(Offer  bid:Bid[Pie: a553])
17,1,0.09392265193370165,BoulwareNegotiationParty@0,(Offer  bid:Bid[Pie: a1000])
17,2,0.09392265193370165,BoulwareNegotiationParty@1,(Offer  bid:Bid[Pie: a0])
17,3,0.09392265193370165,RandomCounterOfferNegotiationParty@2,(Offer  bid:Bid[Pie: a695])
18,1,0.09944751381215469,BoulwareNegotiationParty@0,(Offer  bid:Bid[Pie: a1000])
18,2,0.09944751381215469,BoulwareNegotiationParty@1,(Offer  bid:Bid[Pie: a0])
18,3,0.09944751381215469,RandomCounterOfferNegotiationParty@2,(Offer  bid:Bid[Pie: a654])
19,1,0.10497237569060773,BoulwareNegotiationParty@0,(Offer  bid:Bid[Pie: a1000])
19,2,0.10497237569060773,BoulwareNegotiationParty@1,(Offer  bid:Bid[Pie: a0])
19,3,0.10497237569060773,RandomCounterOfferNegotiationParty@2,(Offer  bid:Bid[Pie: a549])
20,1,0.11049723756906077,BoulwareNegotiationParty@0,(Offer  bid:Bid[Pie: a1000])
20,2,0.11049723756906077,BoulwareNegotiationParty@1,(Offer  bid:Bid[Pie: a0])
20,3,0.11049723756906077,RandomCounterOfferNegotiationParty@2,(Offer  bid:Bid[Pie: a645])
21,1,0.11602209944751381,BoulwareNegotiationParty@0,(Offer  bid:Bid[Pie: a1000])
21,2,0.11602209944751381,BoulwareNegotiationParty@1,(Offer  bid:Bid[Pie: a0])
21,3,0.11602209944751381,RandomCounterOfferNegotiationParty@2,(Offer  bid:Bid[Pie: a269])
22,1,0.12154696132596685,BoulwareNegotiationParty@0,(Offer  bid:Bid[Pie: a1000])
22,2,0.12154696132596685,BoulwareNegotiationParty@1,(Offer  bid:Bid[Pie: a0])
22,3,0.12154696132596685,RandomCounterOfferNegotiationParty@2,(Offer  bid:Bid[Pie: a424])
23,1,0.1270718232044199,BoulwareNegotiationParty@0,(Offer  bid:Bid[Pie: a1000])
23,2,0.1270718232044199,BoulwareNegotiationParty@1,(Offer  bid:Bid[Pie: a0])
23,3,0.1270718232044199,RandomCounterOfferNegotiationParty@2,(Offer  bid:Bid[Pie: a721])
24,1,0.13259668508287292,BoulwareNegotiationParty@0,(Offer  bid:Bid[Pie: a1000])
24,2,0.13259668508287292,BoulwareNegotiationParty@1,(Offer  bid:Bid[Pie: a0])
24,3,0.13259668508287292,RandomCounterOfferNegotiationParty@2,(Offer  bid:Bid[Pie: a847])
25,1,0.13812154696132597,BoulwareNegotiationParty@0,(Offer  bid:Bid[Pie: a1000])
25,2,0.13812154696132597,BoulwareNegotiationParty@1,(Offer  bid:Bid[Pie: a0])
25,3,0.13812154696132597,RandomCounterOfferNegotiationParty@2,(Offer  bid:Bid[Pie: a123])
26,1,0.143646408839779,BoulwareNegotiationParty@0,(Offer  bid:Bid[Pie: a1000])
26,2,0.143646408839779,BoulwareNegotiationParty@1,(Offer  bid:Bid[Pie: a0])
26,3,0.143646408839779,RandomCounterOfferNegotiationParty@2,(Offer  bid:Bid[Pie: a714])
27,1,0.14917127071823205,BoulwareNegotiationParty@0,(Offer  bid:Bid[Pie: a1000])
27,2,0.14917127071823205,BoulwareNegotiationParty@1,(Offer  bid:Bid[Pie: a0])
27,3,0.14917127071823205,RandomCounterOfferNegotiationParty@2,(Offer  bid:Bid[Pie: a342])
28,1,0.15469613259668508,BoulwareNegotiationParty@0,(Offer  bid:Bid[Pie: a1000])
28,2,0.15469613259668508,BoulwareNegotiationParty@1,(Offer  bid:Bid[Pie: a0])
28,3,0.15469613259668508,RandomCounterOfferNegotiationParty@2,(Offer  bid:Bid[Pie: a629])
29,1,0.16022099447513813,BoulwareNegotiationParty@0,(Offer  bid:Bid[Pie: a1000])
29,2,0.16022099447513813,BoulwareNegotiationParty@1,(Offer  bid:Bid[Pie: a0])
29,3,0.16022099447513813,RandomCounterOfferNegotiationParty@2,(Offer  bid:Bid[Pie: a698])
30,1,0.16574585635359115,BoulwareNegotiationParty@0,(Offer  bid:Bid[Pie: a1000])
30,2,0.16574585635359115,BoulwareNegotiationParty@1,(Offer  bid:Bid[Pie: a0])
30,3,0.16574585635359115,RandomCounterOfferNegotiationParty@2,(Offer  bid:Bid[Pie: a27])
31,1,0.1712707182320442,BoulwareNegotiationParty@0,(Offer  bid:Bid[Pie: a1000])
31,2,0.1712707182320442,BoulwareNegotiationParty@1,(Offer  bid:Bid[Pie: a0])
31,3,0.1712707182320442,RandomCounterOfferNegotiationParty@2,(Offer  bid:Bid[Pie: a375])
32,1,0.17679558011049723,BoulwareNegotiationParty@0,(Offer  bid:Bid[Pie: a1000])
32,2,0.17679558011049723,BoulwareNegotiationParty@1,(Offer  bid:Bid[Pie: a0])
32,3,0.17679558011049723,RandomCounterOfferNegotiationParty@2,(Offer  bid:Bid[Pie: a706])
33,1,0.18232044198895028,BoulwareNegotiationParty@0,(Offer  bid:Bid[Pie: a1000])
33,2,0.18232044198895028,BoulwareNegotiationParty@1,(Offer  bid:Bid[Pie: a0])
33,3,0.18232044198895028,RandomCounterOfferNegotiationParty@2,(Offer  bid:Bid[Pie: a69])
34,1,0.1878453038674033,BoulwareNegotiationParty@0,(Offer  bid:Bid[Pie: a1000])
34,2,0.1878453038674033,BoulwareNegotiationParty@1,(Offer  bid:Bid[Pie: a0])
34,3,0.1878453038674033,RandomCounterOfferNegotiationParty@2,(Offer  bid:Bid[Pie: a440])
35,1,0.19337016574585636,BoulwareNegotiationParty@0,(Offer  bid:Bid[Pie: a1000])
35,2,0.19337016574585636,BoulwareNegotiationParty@1,(Offer  bid:Bid[Pie: a0])
35,3,0.19337016574585636,RandomCounterOfferNegotiationParty@2,(Offer  bid:Bid[Pie: a125])
36,1,0.19889502762430938,BoulwareNegotiationParty@0,(Offer  bid:Bid[Pie: a1000])
36,2,0.19889502762430938,BoulwareNegotiationParty@1,(Offer  bid:Bid[Pie: a0])
36,3,0.19889502762430938,RandomCounterOfferNegotiationParty@2,(Offer  bid:Bid[Pie: a436])
37,1,0.20441988950276244,BoulwareNegotiationParty@0,(Offer  bid:Bid[Pie: a1000])
37,2,0.20441988950276244,BoulwareNegotiationParty@1,(Offer  bid:Bid[Pie: a0])
37,3,0.20441988950276244,RandomCounterOfferNegotiationParty@2,(Offer  bid:Bid[Pie: a155])
38,1,0.20994475138121546,BoulwareNegotiationParty@0,(Offer  bid:Bid[Pie: a1000])
38,2,0.20994475138121546,BoulwareNegotiationParty@1,(Offer  bid:Bid[Pie: a0])
38,3,0.20994475138121546,RandomCounterOfferNegotiationParty@2,(Offer  bid:Bid[Pie: a847])
39,1,0.2154696132596685,BoulwareNegotiationParty@0,(Offer  bid:Bid[Pie: a1000])
39,2,0.2154696132596685,BoulwareNegotiationParty@1,(Offer  bid:Bid[Pie: a0])
39,3,0.2154696132596685,RandomCounterOfferNegotiationParty@2,(Offer  bid:Bid[Pie: a385])
40,1,0.22099447513812154,BoulwareNegotiationParty@0,(Offer  bid:Bid[Pie: a1000])
40,2,0.22099447513812154,BoulwareNegotiationParty@1,(Offer  bid:Bid[Pie: a0])
40,3,0.22099447513812154,RandomCounterOfferNegotiationParty@2,(Offer  bid:Bid[Pie: a300])
41,1,0.2265193370165746,BoulwareNegotiationParty@0,(Offer  bid:Bid[Pie: a999])
41,2,0.2265193370165746,BoulwareNegotiationParty@1,(Offer  bid:Bid[Pie: a1])
41,3,0.2265193370165746,RandomCounterOfferNegotiationParty@2,(Offer  bid:Bid[Pie: a263])
42,1,0.23204419889502761,BoulwareNegotiationParty@0,(Offer  bid:Bid[Pie: a999])
42,2,0.23204419889502761,BoulwareNegotiationParty@1,(Offer  bid:Bid[Pie: a1])
42,3,0.23204419889502761,RandomCounterOfferNegotiationParty@2,(Offer  bid:Bid[Pie: a780])
43,1,0.23756906077348067,BoulwareNegotiationParty@0,(Offer  bid:Bid[Pie: a999])
43,2,0.23756906077348067,BoulwareNegotiationParty@1,(Offer  bid:Bid[Pie: a1])
43,3,0.23756906077348067,RandomCounterOfferNegotiationParty@2,(Offer  bid:Bid[Pie: a514])
44,1,0.2430939226519337,BoulwareNegotiationParty@0,(Offer  bid:Bid[Pie: a999])
44,2,0.2430939226519337,BoulwareNegotiationParty@1,(Offer  bid:Bid[Pie: a1])
44,3,0.2430939226519337,RandomCounterOfferNegotiationParty@2,(Offer  bid:Bid[Pie: a164])
45,1,0.24861878453038674,BoulwareNegotiationParty@0,(Offer  bid:Bid[Pie: a999])
45,2,0.24861878453038674,BoulwareNegotiationParty@1,(Offer  bid:Bid[Pie: a1])
45,3,0.24861878453038674,RandomCounterOfferNegotiationParty@2,(Offer  bid:Bid[Pie: a410])
46,1,0.2541436464088398,BoulwareNegotiationParty@0,(Offer  bid:Bid[Pie: a999])
46,2,0.2541436464088398,BoulwareNegotiationParty@1,(Offer  bid:Bid[Pie: a1])
46,3,0.2541436464088398,RandomCounterOfferNegotiationParty@2,(Offer  bid:Bid[Pie: a143])
47,1,0.2596685082872928,BoulwareNegotiationParty@0,(Offer  bid:Bid[Pie: a999])
47,2,0.2596685082872928,BoulwareNegotiationParty@1,(Offer  bid:Bid[Pie: a1])
47,3,0.2596685082872928,RandomCounterOfferNegotiationParty@2,(Offer  bid:Bid[Pie: a661])
48,1,0.26519337016574585,BoulwareNegotiationParty@0,(Offer  bid:Bid[Pie: a999])
48,2,0.26519337016574585,BoulwareNegotiationParty@1,(Offer  bid:Bid[Pie: a1])
48,3,0.26519337016574585,RandomCounterOfferNegotiationParty@2,(Offer  bid:Bid[Pie: a693])
49,1,0.27071823204419887,BoulwareNegotiationParty@0,(Offer  bid:Bid[Pie: a999])
49,2,0.27071823204419887,BoulwareNegotiationParty@1,(Offer  bid:Bid[Pie: a1])
49,3,0.27071823204419887,RandomCounterOfferNegotiationParty@2,(Offer  bid:Bid[Pie: a10])
50,1,0.27624309392265195,BoulwareNegotiationParty@0,(Offer  bid:Bid[Pie: a999])
50,2,0.27624309392265195,BoulwareNegotiationParty@1,(Offer  bid:Bid[Pie: a1])
50,3,0.27624309392265195,RandomCounterOfferNegotiationParty@2,(Offer  bid:Bid[Pie: a202])
51,1,0.281767955801105,BoulwareNegotiationParty@0,(Offer  bid:Bid[Pie: a998])
51,2,0.281767955801105,BoulwareNegotiationParty@1,(Offer  bid:Bid[Pie: a2])
51,3,0.281767955801105,RandomCounterOfferNegotiationParty@2,(Offer  bid:Bid[Pie: a277])
52,1,0.287292817679558,BoulwareNegotiationParty@0,(Offer  bid:Bid[Pie: a998])
52,2,0.287292817679558,BoulwareNegotiationParty@1,(Offer  bid:Bid[Pie: a2])
52,3,0.287292817679558,RandomCounterOfferNegotiationParty@2,(Offer  bid:Bid[Pie: a349])
53,1,0.292817679558011,BoulwareNegotiationParty@0,(Offer  bid:Bid[Pie: a998])
53,2,0.292817679558011,BoulwareNegotiationParty@1,(Offer  bid:Bid[Pie: a2])
53,3,0.292817679558011,RandomCounterOfferNegotiationParty@2,(Offer  bid:Bid[Pie: a414])
54,1,0.2983425414364641,BoulwareNegotiationParty@0,(Offer  bid:Bid[Pie: a998])
54,2,0.2983425414364641,BoulwareNegotiationParty@1,(Offer  bid:Bid[Pie: a2])
54,3,0.2983425414364641,RandomCounterOfferNegotiationParty@2,(Offer  bid:Bid[Pie: a261])
55,1,0.30386740331491713,BoulwareNegotiationParty@0,(Offer  bid:Bid[Pie: a998])
55,2,0.30386740331491713,BoulwareNegotiationParty@1,(Offer  bid:Bid[Pie: a2])
55,3,0.30386740331491713,RandomCounterOfferNegotiationParty@2,(Offer  bid:Bid[Pie: a341])
56,1,0.30939226519337015,BoulwareNegotiationParty@0,(Offer  bid:Bid[Pie: a997])
56,2,0.30939226519337015,BoulwareNegotiationParty@1,(Offer  bid:Bid[Pie: a3])
56,3,0.30939226519337015,RandomCounterOfferNegotiationParty@2,(Offer  bid:Bid[Pie: a261])
57,1,0.3149171270718232,BoulwareNegotiationParty@0,(Offer  bid:Bid[Pie: a997])
57,2,0.3149171270718232,BoulwareNegotiationParty@1,(Offer  bid:Bid[Pie: a3])
57,3,0.3149171270718232,RandomCounterOfferNegotiationParty@2,(Offer  bid:Bid[Pie: a82])
58,1,0.32044198895027626,BoulwareNegotiationParty@0,(Offer  bid:Bid[Pie: a997])
58,2,0.32044198895027626,BoulwareNegotiationParty@1,(Offer  bid:Bid[Pie: a3])
58,3,0.32044198895027626,RandomCounterOfferNegotiationParty@2,(Offer  bid:Bid[Pie: a198])
59,1,0.3259668508287293,BoulwareNegotiationParty@0,(Offer  bid:Bid[Pie: a997])
59,2,0.3259668508287293,BoulwareNegotiationParty@1,(Offer  bid:Bid[Pie: a3])
59,3,0.3259668508287293,RandomCounterOfferNegotiationParty@2,(Offer  bid:Bid[Pie: a286])
60,1,0.3314917127071823,BoulwareNegotiationParty@0,(Offer  bid:Bid[Pie: a996])
60,2,0.3314917127071823,BoulwareNegotiationParty@1,(Offer  bid:Bid[Pie: a4])
60,3,0.3314917127071823,RandomCounterOfferNegotiationParty@2,(Offer  bid:Bid[Pie: a17])
61,1,0.3370165745856354,BoulwareNegotiationParty@0,(Offer  bid:Bid[Pie: a996])
61,2,0.3370165745856354,BoulwareNegotiationParty@1,(Offer  bid:Bid[Pie: a4])
61,3,0.3370165745856354,RandomCounterOfferNegotiationParty@2,(Offer  bid:Bid[Pie: a38])
62,1,0.3425414364640884,BoulwareNegotiationParty@0,(Offer  bid:Bid[Pie: a996])
62,2,0.3425414364640884,BoulwareNegotiationParty@1,(Offer  bid:Bid[Pie: a4])
62,3,0.3425414364640884,RandomCounterOfferNegotiationParty@2,(Offer  bid:Bid[Pie: a701])
63,1,0.34806629834254144,BoulwareNegotiationParty@0,(Offer  bid:Bid[Pie: a995])
63,2,0.34806629834254144,BoulwareNegotiationParty@1,(Offer  bid:Bid[Pie: a5])
63,3,0.34806629834254144,RandomCounterOfferNegotiationParty@2,(Offer  bid:Bid[Pie: a858])
64,1,0.35359116022099446,BoulwareNegotiationParty@0,(Offer  bid:Bid[Pie: a995])
64,2,0.35359116022099446,BoulwareNegotiationParty@1,(Offer  bid:Bid[Pie: a5])
64,3,0.35359116022099446,RandomCounterOfferNegotiationParty@2,(Offer  bid:Bid[Pie: a388])
65,1,0.35911602209944754,BoulwareNegotiationParty@0,(Offer  bid:Bid[Pie: a994])
65,2,0.35911602209944754,BoulwareNegotiationParty@1,(Offer  bid:Bid[Pie: a6])
65,3,0.35911602209944754,RandomCounterOfferNegotiationParty@2,(Offer  bid:Bid[Pie: a3])
66,1,0.36464088397790057,BoulwareNegotiationParty@0,(Offer  bid:Bid[Pie: a994])
66,2,0.36464088397790057,BoulwareNegotiationParty@1,(Offer  bid:Bid[Pie: a6])
66,3,0.36464088397790057,RandomCounterOfferNegotiationParty@2,(Offer  bid:Bid[Pie: a238])
67,1,0.3701657458563536,BoulwareNegotiationParty@0,(Offer  bid:Bid[Pie: a994])
67,2,0.3701657458563536,BoulwareNegotiationParty@1,(Offer  bid:Bid[Pie: a6])
67,3,0.3701657458563536,RandomCounterOfferNegotiationParty@2,(Offer  bid:Bid[Pie: a863])
68,1,0.3756906077348066,BoulwareNegotiationParty@0,(Offer  bid:Bid[Pie: a993])
68,2,0.3756906077348066,BoulwareNegotiationParty@1,(Offer  bid:Bid[Pie: a7])
68,3,0.3756906077348066,RandomCounterOfferNegotiationParty@2,(Offer  bid:Bid[Pie: a884])
69,1,0.3812154696132597,BoulwareNegotiationParty@0,(Offer  bid:Bid[Pie: a993])
69,2,0.3812154696132597,BoulwareNegotiationParty@1,(Offer  bid:Bid[Pie: a7])
69,3,0.3812154696132597,RandomCounterOfferNegotiationParty@2,(Offer  bid:Bid[Pie: a381])
70,1,0.3867403314917127,BoulwareNegotiationParty@0,(Offer  bid:Bid[Pie: a992])
70,2,0.3867403314917127,BoulwareNegotiationParty@1,(Offer  bid:Bid[Pie: a8])
70,3,0.3867403314917127,RandomCounterOfferNegotiationParty@2,(Offer  bid:Bid[Pie: a382])
71,1,0.39226519337016574,BoulwareNegotiationParty@0,(Offer  bid:Bid[Pie: a991])
71,2,0.39226519337016574,BoulwareNegotiationParty@1,(Offer  bid:Bid[Pie: a9])
71,3,0.39226519337016574,RandomCounterOfferNegotiationParty@2,(Offer  bid:Bid[Pie: a410])
72,1,0.39779005524861877,BoulwareNegotiationParty@0,(Offer  bid:Bid[Pie: a991])
72,2,0.39779005524861877,BoulwareNegotiationParty@1,(Offer  bid:Bid[Pie: a9])
72,3,0.39779005524861877,RandomCounterOfferNegotiationParty@2,(Offer  bid:Bid[Pie: a256])
73,1,0.40331491712707185,BoulwareNegotiationParty@0,(Offer  bid:Bid[Pie: a990])
73,2,0.40331491712707185,BoulwareNegotiationParty@1,(Offer  bid:Bid[Pie: a10])
73,3,0.40331491712707185,RandomCounterOfferNegotiationParty@2,(Offer  bid:Bid[Pie: a740])
74,1,0.4088397790055249,BoulwareNegotiationParty@0,(Offer  bid:Bid[Pie: a989])
74,2,0.4088397790055249,BoulwareNegotiationParty@1,(Offer  bid:Bid[Pie: a11])
74,3,0.4088397790055249,RandomCounterOfferNegotiationParty@2,(Offer  bid:Bid[Pie: a432])
75,1,0.4143646408839779,BoulwareNegotiationParty@0,(Offer  bid:Bid[Pie: a989])
75,2,0.4143646408839779,BoulwareNegotiationParty@1,(Offer  bid:Bid[Pie: a11])
75,3,0.4143646408839779,RandomCounterOfferNegotiationParty@2,(Offer  bid:Bid[Pie: a864])
76,1,0.4198895027624309,BoulwareNegotiationParty@0,(Offer  bid:Bid[Pie: a988])
76,2,0.4198895027624309,BoulwareNegotiationParty@1,(Offer  bid:Bid[Pie: a12])
76,3,0.4198895027624309,RandomCounterOfferNegotiationParty@2,(Offer  bid:Bid[Pie: a556])
77,1,0.425414364640884,BoulwareNegotiationParty@0,(Offer  bid:Bid[Pie: a987])
77,2,0.425414364640884,BoulwareNegotiationParty@1,(Offer  bid:Bid[Pie: a13])
77,3,0.425414364640884,RandomCounterOfferNegotiationParty@2,(Offer  bid:Bid[Pie: a206])
78,1,0.430939226519337,BoulwareNegotiationParty@0,(Offer  bid:Bid[Pie: a986])
78,2,0.430939226519337,BoulwareNegotiationParty@1,(Offer  bid:Bid[Pie: a14])
78,3,0.430939226519337,RandomCounterOfferNegotiationParty@2,(Offer  bid:Bid[Pie: a404])
79,1,0.43646408839779005,BoulwareNegotiationParty@0,(Offer  bid:Bid[Pie: a985])
79,2,0.43646408839779005,BoulwareNegotiationParty@1,(Offer  bid:Bid[Pie: a15])
79,3,0.43646408839779005,RandomCounterOfferNegotiationParty@2,(Offer  bid:Bid[Pie: a798])
80,1,0.4419889502762431,BoulwareNegotiationParty@0,(Offer  bid:Bid[Pie: a984])
80,2,0.4419889502762431,BoulwareNegotiationParty@1,(Offer  bid:Bid[Pie: a16])
80,3,0.4419889502762431,RandomCounterOfferNegotiationParty@2,(Offer  bid:Bid[Pie: a872])
81,1,0.44751381215469616,BoulwareNegotiationParty@0,(Offer  bid:Bid[Pie: a983])
81,2,0.44751381215469616,BoulwareNegotiationParty@1,(Offer  bid:Bid[Pie: a17])
81,3,0.44751381215469616,RandomCounterOfferNegotiationParty@2,(Offer  bid:Bid[Pie: a567])
82,1,0.4530386740331492,BoulwareNegotiationParty@0,(Offer  bid:Bid[Pie: a982])
82,2,0.4530386740331492,BoulwareNegotiationParty@1,(Offer  bid:Bid[Pie: a18])
82,3,0.4530386740331492,RandomCounterOfferNegotiationParty@2,(Offer  bid:Bid[Pie: a380])
83,1,0.4585635359116022,BoulwareNegotiationParty@0,(Offer  bid:Bid[Pie: a981])
83,2,0.4585635359116022,BoulwareNegotiationParty@1,(Offer  bid:Bid[Pie: a19])
83,3,0.4585635359116022,RandomCounterOfferNegotiationParty@2,(Offer  bid:Bid[Pie: a657])
84,1,0.46408839779005523,BoulwareNegotiationParty@0,(Offer  bid:Bid[Pie: a980])
84,2,0.46408839779005523,BoulwareNegotiationParty@1,(Offer  bid:Bid[Pie: a20])
84,3,0.46408839779005523,RandomCounterOfferNegotiationParty@2,(Offer  bid:Bid[Pie: a442])
85,1,0.4696132596685083,BoulwareNegotiationParty@0,(Offer  bid:Bid[Pie: a978])
85,2,0.4696132596685083,BoulwareNegotiationParty@1,(Offer  bid:Bid[Pie: a22])
85,3,0.4696132596685083,RandomCounterOfferNegotiationParty@2,(Offer  bid:Bid[Pie: a582])
86,1,0.47513812154696133,BoulwareNegotiationParty@0,(Offer  bid:Bid[Pie: a977])
86,2,0.47513812154696133,BoulwareNegotiationParty@1,(Offer  bid:Bid[Pie: a23])
86,3,0.47513812154696133,RandomCounterOfferNegotiationParty@2,(Offer  bid:Bid[Pie: a514])
87,1,0.48066298342541436,BoulwareNegotiationParty@0,(Offer  bid:Bid[Pie: a976])
87,2,0.48066298342541436,BoulwareNegotiationParty@1,(Offer  bid:Bid[Pie: a24])
87,3,0.48066298342541436,RandomCounterOfferNegotiationParty@2,(Offer  bid:Bid[Pie: a160])
88,1,0.4861878453038674,BoulwareNegotiationParty@0,(Offer  bid:Bid[Pie: a974])
88,2,0.4861878453038674,BoulwareNegotiationParty@1,(Offer  bid:Bid[Pie: a26])
88,3,0.4861878453038674,RandomCounterOfferNegotiationParty@2,(Offer  bid:Bid[Pie: a497])
89,1,0.49171270718232046,BoulwareNegotiationParty@0,(Offer  bid:Bid[Pie: a973])
89,2,0.49171270718232046,BoulwareNegotiationParty@1,(Offer  bid:Bid[Pie: a27])
89,3,0.49171270718232046,RandomCounterOfferNegotiationParty@2,(Offer  bid:Bid[Pie: a718])
90,1,0.4972375690607735,BoulwareNegotiationParty@0,(Offer  bid:Bid[Pie: a971])
90,2,0.4972375690607735,BoulwareNegotiationParty@1,(Offer  bid:Bid[Pie: a29])
90,3,0.4972375690607735,RandomCounterOfferNegotiationParty@2,(Offer  bid:Bid[Pie: a20])
91,1,0.5027624309392266,BoulwareNegotiationParty@0,(Offer  bid:Bid[Pie: a970])
91,2,0.5027624309392266,BoulwareNegotiationParty@1,(Offer  bid:Bid[Pie: a30])
91,3,0.5027624309392266,RandomCounterOfferNegotiationParty@2,(Offer  bid:Bid[Pie: a683])
92,1,0.5082872928176796,BoulwareNegotiationParty@0,(Offer  bid:Bid[Pie: a968])
92,2,0.5082872928176796,BoulwareNegotiationParty@1,(Offer  bid:Bid[Pie: a32])
92,3,0.5082872928176796,RandomCounterOfferNegotiationParty@2,(Offer  bid:Bid[Pie: a871])
93,1,0.5138121546961326,BoulwareNegotiationParty@0,(Offer  bid:Bid[Pie: a966])
93,2,0.5138121546961326,BoulwareNegotiationParty@1,(Offer  bid:Bid[Pie: a34])
93,3,0.5138121546961326,RandomCounterOfferNegotiationParty@2,(Offer  bid:Bid[Pie: a492])
94,1,0.5193370165745856,BoulwareNegotiationParty@0,(Offer  bid:Bid[Pie: a964])
94,2,0.5193370165745856,BoulwareNegotiationParty@1,(Offer  bid:Bid[Pie: a36])
94,3,0.5193370165745856,RandomCounterOfferNegotiationParty@2,(Offer  bid:Bid[Pie: a195])
95,1,0.5248618784530387,BoulwareNegotiationParty@0,(Offer  bid:Bid[Pie: a962])
95,2,0.5248618784530387,BoulwareNegotiationParty@1,(Offer  bid:Bid[Pie: a38])
95,3,0.5248618784530387,RandomCounterOfferNegotiationParty@2,(Offer  bid:Bid[Pie: a107])
96,1,0.5303867403314917,BoulwareNegotiationParty@0,(Offer  bid:Bid[Pie: a960])
96,2,0.5303867403314917,BoulwareNegotiationParty@1,(Offer  bid:Bid[Pie: a40])
96,3,0.5303867403314917,RandomCounterOfferNegotiationParty@2,(Offer  bid:Bid[Pie: a583])
97,1,0.5359116022099447,BoulwareNegotiationParty@0,(Offer  bid:Bid[Pie: a958])
97,2,0.5359116022099447,BoulwareNegotiationParty@1,(Offer  bid:Bid[Pie: a42])
97,3,0.5359116022099447,RandomCounterOfferNegotiationParty@2,(Offer  bid:Bid[Pie: a209])
98,1,0.5414364640883977,BoulwareNegotiationParty@0,(Offer  bid:Bid[Pie: a956])
98,2,0.5414364640883977,BoulwareNegotiationParty@1,(Offer  bid:Bid[Pie: a44])
98,3,0.5414364640883977,RandomCounterOfferNegotiationParty@2,(Offer  bid:Bid[Pie: a594])
99,1,0.5469613259668509,BoulwareNegotiationParty@0,(Offer  bid:Bid[Pie: a953])
99,2,0.5469613259668509,BoulwareNegotiationParty@1,(Offer  bid:Bid[Pie: a47])
99,3,0.5469613259668509,RandomCounterOfferNegotiationParty@2,(Offer  bid:Bid[Pie: a766])
100,1,0.5524861878453039,BoulwareNegotiationParty@0,(Offer  bid:Bid[Pie: a951])
100,2,0.5524861878453039,BoulwareNegotiationParty@1,(Offer  bid:Bid[Pie: a49])
100,3,0.5524861878453039,RandomCounterOfferNegotiationParty@2,(Offer  bid:Bid[Pie: a767])
101,1,0.5580110497237569,BoulwareNegotiationParty@0,(Offer  bid:Bid[Pie: a949])
101,2,0.5580110497237569,BoulwareNegotiationParty@1,(Offer  bid:Bid[Pie: a51])
101,3,0.5580110497237569,RandomCounterOfferNegotiationParty@2,(Offer  bid:Bid[Pie: a206])
102,1,0.56353591160221,BoulwareNegotiationParty@0,(Offer  bid:Bid[Pie: a946])
102,2,0.56353591160221,BoulwareNegotiationParty@1,(Offer  bid:Bid[Pie: a54])
102,3,0.56353591160221,RandomCounterOfferNegotiationParty@2,(Offer  bid:Bid[Pie: a105])
103,1,0.569060773480663,BoulwareNegotiationParty@0,(Offer  bid:Bid[Pie: a943])
103,2,0.569060773480663,BoulwareNegotiationParty@1,(Offer  bid:Bid[Pie: a57])
103,3,0.569060773480663,RandomCounterOfferNegotiationParty@2,(Offer  bid:Bid[Pie: a239])
104,1,0.574585635359116,BoulwareNegotiationParty@0,(Offer  bid:Bid[Pie: a940])
104,2,0.574585635359116,BoulwareNegotiationParty@1,(Offer  bid:Bid[Pie: a60])
104,3,0.574585635359116,RandomCounterOfferNegotiationParty@2,(Offer  bid:Bid[Pie: a485])
105,1,0.580110497237569,BoulwareNegotiationParty@0,(Offer  bid:Bid[Pie: a937])
105,2,0.580110497237569,BoulwareNegotiationParty@1,(Offer  bid:Bid[Pie: a63])
105,3,0.580110497237569,RandomCounterOfferNegotiationParty@2,(Offer  bid:Bid[Pie: a392])
106,1,0.585635359116022,BoulwareNegotiationParty@0,(Offer  bid:Bid[Pie: a934])
106,2,0.585635359116022,BoulwareNegotiationParty@1,(Offer  bid:Bid[Pie: a66])
106,3,0.585635359116022,RandomCounterOfferNegotiationParty@2,(Offer  bid:Bid[Pie: a610])
107,1,0.5911602209944752,BoulwareNegotiationParty@0,(Offer  bid:Bid[Pie: a931])
107,2,0.5911602209944752,BoulwareNegotiationParty@1,(Offer  bid:Bid[Pie: a69])
107,3,0.5911602209944752,RandomCounterOfferNegotiationParty@2,(Offer  bid:Bid[Pie: a833])
108,1,0.5966850828729282,BoulwareNegotiationParty@0,(Offer  bid:Bid[Pie: a928])
108,2,0.5966850828729282,BoulwareNegotiationParty@1,(Offer  bid:Bid[Pie: a72])
108,3,0.5966850828729282,RandomCounterOfferNegotiationParty@2,(Offer  bid:Bid[Pie: a638])
109,1,0.6022099447513812,BoulwareNegotiationParty@0,(Offer  bid:Bid[Pie: a924])
109,2,0.6022099447513812,BoulwareNegotiationParty@1,(Offer  bid:Bid[Pie: a76])
109,3,0.6022099447513812,RandomCounterOfferNegotiationParty@2,(Offer  bid:Bid[Pie: a766])
110,1,0.6077348066298343,BoulwareNegotiationParty@0,(Offer  bid:Bid[Pie: a921])
110,2,0.6077348066298343,BoulwareNegotiationParty@1,(Offer  bid:Bid[Pie: a79])
110,3,0.6077348066298343,RandomCounterOfferNegotiationParty@2,(Offer  bid:Bid[Pie: a613])
111,1,0.6132596685082873,BoulwareNegotiationParty@0,(Offer  bid:Bid[Pie: a917])
111,2,0.6132596685082873,BoulwareNegotiationParty@1,(Offer  bid:Bid[Pie: a83])
111,3,0.6132596685082873,RandomCounterOfferNegotiationParty@2,(Offer  bid:Bid[Pie: a206])
112,1,0.6187845303867403,BoulwareNegotiationParty@0,(Offer  bid:Bid[Pie: a913])
112,2,0.6187845303867403,BoulwareNegotiationParty@1,(Offer  bid:Bid[Pie: a87])
112,3,0.6187845303867403,RandomCounterOfferNegotiationParty@2,(Offer  bid:Bid[Pie: a150])
113,1,0.6243093922651933,BoulwareNegotiationParty@0,(Offer  bid:Bid[Pie: a909])
113,2,0.6243093922651933,BoulwareNegotiationParty@1,(Offer  bid:Bid[Pie: a91])
113,3,0.6243093922651933,RandomCounterOfferNegotiationParty@2,(Offer  bid:Bid[Pie: a222])
114,1,0.6298342541436464,BoulwareNegotiationParty@0,(Offer  bid:Bid[Pie: a905])
114,2,0.6298342541436464,BoulwareNegotiationParty@1,(Offer  bid:Bid[Pie: a95])
114,3,0.6298342541436464,RandomCounterOfferNegotiationParty@2,(Offer  bid:Bid[Pie: a792])
115,1,0.6353591160220995,BoulwareNegotiationParty@0,(Offer  bid:Bid[Pie: a901])
115,2,0.6353591160220995,BoulwareNegotiationParty@1,(Offer  bid:Bid[Pie: a99])
115,3,0.6353591160220995,RandomCounterOfferNegotiationParty@2,(Offer  bid:Bid[Pie: a799])
116,1,0.6408839779005525,BoulwareNegotiationParty@0,(Offer  bid:Bid[Pie: a896])
116,2,0.6408839779005525,BoulwareNegotiationParty@1,(Offer  bid:Bid[Pie: a104])
116,3,0.6408839779005525,RandomCounterOfferNegotiationParty@2,(Offer  bid:Bid[Pie: a523])
117,1,0.6464088397790055,BoulwareNegotiationParty@0,(Offer  bid:Bid[Pie: a892])
117,2,0.6464088397790055,BoulwareNegotiationParty@1,(Offer  bid:Bid[Pie: a108])
117,3,0.6464088397790055,RandomCounterOfferNegotiationParty@2,(Offer  bid:Bid[Pie: a18])
118,1,0.6519337016574586,BoulwareNegotiationParty@0,(Offer  bid:Bid[Pie: a887])
118,2,0.6519337016574586,BoulwareNegotiationParty@1,(Offer  bid:Bid[Pie: a113])
118,3,0.6519337016574586,RandomCounterOfferNegotiationParty@2,(Offer  bid:Bid[Pie: a242])
119,1,0.6574585635359116,BoulwareNegotiationParty@0,(Offer  bid:Bid[Pie: a882])
119,2,0.6574585635359116,BoulwareNegotiationParty@1,(Offer  bid:Bid[Pie: a118])
119,3,0.6574585635359116,RandomCounterOfferNegotiationParty@2,(Offer  bid:Bid[Pie: a796])
120,1,0.6629834254143646,BoulwareNegotiationParty@0,(Offer  bid:Bid[Pie: a877])
120,2,0.6629834254143646,BoulwareNegotiationParty@1,(Offer  bid:Bid[Pie: a123])
120,3,0.6629834254143646,RandomCounterOfferNegotiationParty@2,(Offer  bid:Bid[Pie: a480])
121,1,0.6685082872928176,BoulwareNegotiationParty@0,(Offer  bid:Bid[Pie: a872])
121,2,0.6685082872928176,BoulwareNegotiationParty@1,(Offer  bid:Bid[Pie: a128])
121,3,0.6685082872928176,RandomCounterOfferNegotiationParty@2,(Offer  bid:Bid[Pie: a133])
122,1,0.6740331491712708,BoulwareNegotiationParty@0,(Offer  bid:Bid[Pie: a866])
122,2,0.6740331491712708,BoulwareNegotiationParty@1,(Offer  bid:Bid[Pie: a134])
122,3,0.6740331491712708,RandomCounterOfferNegotiationParty@2,(Offer  bid:Bid[Pie: a300])
123,1,0.6795580110497238,BoulwareNegotiationParty@0,(Offer  bid:Bid[Pie: a861])
123,2,0.6795580110497238,BoulwareNegotiationParty@1,(Offer  bid:Bid[Pie: a139])
123,3,0.6795580110497238,RandomCounterOfferNegotiationParty@2,(Offer  bid:Bid[Pie: a648])
124,1,0.6850828729281768,BoulwareNegotiationParty@0,(Offer  bid:Bid[Pie: a855])
124,2,0.6850828729281768,BoulwareNegotiationParty@1,(Offer  bid:Bid[Pie: a145])
124,3,0.6850828729281768,RandomCounterOfferNegotiationParty@2,(Offer  bid:Bid[Pie: a549])
125,1,0.6906077348066298,BoulwareNegotiationParty@0,(Offer  bid:Bid[Pie: a849])
125,2,0.6906077348066298,BoulwareNegotiationParty@1,(Offer  bid:Bid[Pie: a151])
125,3,0.6906077348066298,RandomCounterOfferNegotiationParty@2,(Offer  bid:Bid[Pie: a268])
126,1,0.6961325966850829,BoulwareNegotiationParty@0,(Offer  bid:Bid[Pie: a843])
126,2,0.6961325966850829,BoulwareNegotiationParty@1,(Offer  bid:Bid[Pie: a157])
126,3,0.6961325966850829,RandomCounterOfferNegotiationParty@2,(Offer  bid:Bid[Pie: a255])
127,1,0.7016574585635359,BoulwareNegotiationParty@0,(Offer  bid:Bid[Pie: a837])
127,2,0.7016574585635359,BoulwareNegotiationParty@1,(Offer  bid:Bid[Pie: a163])
127,3,0.7016574585635359,RandomCounterOfferNegotiationParty@2,(Offer  bid:Bid[Pie: a319])
128,1,0.7071823204419889,BoulwareNegotiationParty@0,(Offer  bid:Bid[Pie: a830])
128,2,0.7071823204419889,BoulwareNegotiationParty@1,(Offer  bid:Bid[Pie: a170])
128,3,0.7071823204419889,RandomCounterOfferNegotiationParty@2,(Offer  bid:Bid[Pie: a437])
129,1,0.712707182320442,BoulwareNegotiationParty@0,(Offer  bid:Bid[Pie: a823])
129,2,0.712707182320442,BoulwareNegotiationParty@1,(Offer  bid:Bid[Pie: a177])
129,3,0.712707182320442,RandomCounterOfferNegotiationParty@2,(Offer  bid:Bid[Pie: a445])
130,1,0.7182320441988951,BoulwareNegotiationParty@0,(Offer  bid:Bid[Pie: a816])
130,2,0.7182320441988951,BoulwareNegotiationParty@1,(Offer  bid:Bid[Pie: a184])
130,3,0.7182320441988951,RandomCounterOfferNegotiationParty@2,(Offer  bid:Bid[Pie: a240])
131,1,0.7237569060773481,BoulwareNegotiationParty@0,(Offer  bid:Bid[Pie: a809])
131,2,0.7237569060773481,BoulwareNegotiationParty@1,(Offer  bid:Bid[Pie: a191])
131,3,0.7237569060773481,RandomCounterOfferNegotiationParty@2,(Offer  bid:Bid[Pie: a749])
132,1,0.7292817679558011,BoulwareNegotiationParty@0,(Offer  bid:Bid[Pie: a801])
132,2,0.7292817679558011,BoulwareNegotiationParty@1,(Offer  bid:Bid[Pie: a199])
132,3,0.7292817679558011,RandomCounterOfferNegotiationParty@2,(Offer  bid:Bid[Pie: a341])
133,1,0.7348066298342542,BoulwareNegotiationParty@0,(Offer  bid:Bid[Pie: a794])
133,2,0.7348066298342542,BoulwareNegotiationParty@1,(Offer  bid:Bid[Pie: a206])
133,3,0.7348066298342542,RandomCounterOfferNegotiationParty@2,(Offer  bid:Bid[Pie: a90])
134,1,0.7403314917127072,BoulwareNegotiationParty@0,(Offer  bid:Bid[Pie: a786])
134,2,0.7403314917127072,BoulwareNegotiationParty@1,(Offer  bid:Bid[Pie: a214])
134,3,0.7403314917127072,RandomCounterOfferNegotiationParty@2,(Offer  bid:Bid[Pie: a48])
135,1,0.7458563535911602,BoulwareNegotiationParty@0,(Offer  bid:Bid[Pie: a778])
135,2,0.7458563535911602,BoulwareNegotiationParty@1,(Offer  bid:Bid[Pie: a222])
135,3,0.7458563535911602,RandomCounterOfferNegotiationParty@2,(Offer  bid:Bid[Pie: a190])
136,1,0.7513812154696132,BoulwareNegotiationParty@0,(Offer  bid:Bid[Pie: a769])
136,2,0.7513812154696132,BoulwareNegotiationParty@1,(Offer  bid:Bid[Pie: a231])
136,3,0.7513812154696132,RandomCounterOfferNegotiationParty@2,(Offer  bid:Bid[Pie: a486])
137,1,0.7569060773480663,BoulwareNegotiationParty@0,(Offer  bid:Bid[Pie: a761])
137,2,0.7569060773480663,BoulwareNegotiationParty@1,(Offer  bid:Bid[Pie: a239])
137,3,0.7569060773480663,RandomCounterOfferNegotiationParty@2,(Offer  bid:Bid[Pie: a105])
138,1,0.7624309392265194,BoulwareNegotiationParty@0,(Offer  bid:Bid[Pie: a752])
138,2,0.7624309392265194,BoulwareNegotiationParty@1,(Offer  bid:Bid[Pie: a248])
138,3,0.7624309392265194,RandomCounterOfferNegotiationParty@2,(Offer  bid:Bid[Pie: a123])
139,1,0.7679558011049724,BoulwareNegotiationParty@0,(Offer  bid:Bid[Pie: a742])
139,2,0.7679558011049724,BoulwareNegotiationParty@1,(Offer  bid:Bid[Pie: a258])
139,3,0.7679558011049724,RandomCounterOfferNegotiationParty@2,(Offer  bid:Bid[Pie: a871])
140,1,0.7734806629834254,BoulwareNegotiationParty@0,(Accept  bid:Bid[Pie: a871])
140,2,0.7734806629834254,BoulwareNegotiationParty@1,(Offer  bid:Bid[Pie: a267])
140,3,0.7734806629834254,RandomCounterOfferNegotiationParty@2,(Offer  bid:Bid[Pie: a298])
141,1,0.7790055248618785,BoulwareNegotiationParty@0,(Offer  bid:Bid[Pie: a723])
141,2,0.7790055248618785,BoulwareNegotiationParty@1,(Offer  bid:Bid[Pie: a277])
141,3,0.7790055248618785,RandomCounterOfferNegotiationParty@2,(Offer  bid:Bid[Pie: a264])
142,1,0.7845303867403315,BoulwareNegotiationParty@0,(Offer  bid:Bid[Pie: a713])
142,2,0.7845303867403315,BoulwareNegotiationParty@1,(Offer  bid:Bid[Pie: a287])
142,3,0.7845303867403315,RandomCounterOfferNegotiationParty@2,(Offer  bid:Bid[Pie: a361])
143,1,0.7900552486187845,BoulwareNegotiationParty@0,(Offer  bid:Bid[Pie: a703])
143,2,0.7900552486187845,BoulwareNegotiationParty@1,(Offer  bid:Bid[Pie: a297])
143,3,0.7900552486187845,RandomCounterOfferNegotiationParty@2,(Offer  bid:Bid[Pie: a229])
144,1,0.7955801104972375,BoulwareNegotiationParty@0,(Offer  bid:Bid[Pie: a692])
144,2,0.7955801104972375,BoulwareNegotiationParty@1,(Offer  bid:Bid[Pie: a308])
144,3,0.7955801104972375,RandomCounterOfferNegotiationParty@2,(Offer  bid:Bid[Pie: a150])
145,1,0.8011049723756906,BoulwareNegotiationParty@0,(Offer  bid:Bid[Pie: a681])
145,2,0.8011049723756906,BoulwareNegotiationParty@1,(Offer  bid:Bid[Pie: a319])
145,3,0.8011049723756906,RandomCounterOfferNegotiationParty@2,(Offer  bid:Bid[Pie: a769])
146,1,0.8066298342541437,BoulwareNegotiationParty@0,(Accept  bid:Bid[Pie: a769])
146,2,0.8066298342541437,BoulwareNegotiationParty@1,(Offer  bid:Bid[Pie: a330])
146,3,0.8066298342541437,RandomCounterOfferNegotiationParty@2,(Offer  bid:Bid[Pie: a365])
147,1,0.8121546961325967,BoulwareNegotiationParty@0,(Offer  bid:Bid[Pie: a659])
147,2,0.8121546961325967,BoulwareNegotiationParty@1,(Offer  bid:Bid[Pie: a341])
147,3,0.8121546961325967,RandomCounterOfferNegotiationParty@2,(Offer  bid:Bid[Pie: a815])
148,1,0.8176795580110497,BoulwareNegotiationParty@0,(Accept  bid:Bid[Pie: a815])
148,2,0.8176795580110497,BoulwareNegotiationParty@1,(Offer  bid:Bid[Pie: a353])
148,3,0.8176795580110497,RandomCounterOfferNegotiationParty@2,(Offer  bid:Bid[Pie: a290])
149,1,0.8232044198895028,BoulwareNegotiationParty@0,(Offer  bid:Bid[Pie: a634])
149,2,0.8232044198895028,BoulwareNegotiationParty@1,(Offer  bid:Bid[Pie: a366])
149,3,0.8232044198895028,RandomCounterOfferNegotiationParty@2,(Offer  bid:Bid[Pie: a404])
150,1,0.8287292817679558,BoulwareNegotiationParty@0,(Offer  bid:Bid[Pie: a622])
150,2,0.8287292817679558,BoulwareNegotiationParty@1,(Offer  bid:Bid[Pie: a378])
150,3,0.8287292817679558,RandomCounterOfferNegotiationParty@2,(Offer  bid:Bid[Pie: a453])
151,1,0.8342541436464088,BoulwareNegotiationParty@0,(Offer  bid:Bid[Pie: a609])
151,2,0.8342541436464088,BoulwareNegotiationParty@1,(Offer  bid:Bid[Pie: a391])
151,3,0.8342541436464088,RandomCounterOfferNegotiationParty@2,(Offer  bid:Bid[Pie: a432])
152,1,0.8397790055248618,BoulwareNegotiationParty@0,(Offer  bid:Bid[Pie: a596])
152,2,0.8397790055248618,BoulwareNegotiationParty@1,(Offer  bid:Bid[Pie: a404])
152,3,0.8397790055248618,RandomCounterOfferNegotiationParty@2,(Offer  bid:Bid[Pie: a828])
153,1,0.8453038674033149,BoulwareNegotiationParty@0,(Accept  bid:Bid[Pie: a828])
153,2,0.8453038674033149,BoulwareNegotiationParty@1,(Offer  bid:Bid[Pie: a418])
153,3,0.8453038674033149,RandomCounterOfferNegotiationParty@2,(Offer  bid:Bid[Pie: a543])
154,1,0.850828729281768,BoulwareNegotiationParty@0,(Offer  bid:Bid[Pie: a568])
154,2,0.850828729281768,BoulwareNegotiationParty@1,(Offer  bid:Bid[Pie: a432])
154,3,0.850828729281768,RandomCounterOfferNegotiationParty@2,(Offer  bid:Bid[Pie: a434])
155,1,0.856353591160221,BoulwareNegotiationParty@0,(Offer  bid:Bid[Pie: a554])
155,2,0.856353591160221,BoulwareNegotiationParty@1,(Offer  bid:Bid[Pie: a446])
155,3,0.856353591160221,RandomCounterOfferNegotiationParty@2,(Offer  bid:Bid[Pie: a847])
156,1,0.861878453038674,BoulwareNegotiationParty@0,(Accept  bid:Bid[Pie: a847])
156,2,0.861878453038674,BoulwareNegotiationParty@1,(Offer  bid:Bid[Pie: a461])
156,3,0.861878453038674,RandomCounterOfferNegotiationParty@2,(Offer  bid:Bid[Pie: a3])
157,1,0.8674033149171271,BoulwareNegotiationParty@0,(Offer  bid:Bid[Pie: a524])
157,2,0.8674033149171271,BoulwareNegotiationParty@1,(Offer  bid:Bid[Pie: a476])
157,3,0.8674033149171271,RandomCounterOfferNegotiationParty@2,(Offer  bid:Bid[Pie: a426])
158,1,0.8729281767955801,BoulwareNegotiationParty@0,(Offer  bid:Bid[Pie: a509])
158,2,0.8729281767955801,BoulwareNegotiationParty@1,(Offer  bid:Bid[Pie: a491])
158,3,0.8729281767955801,RandomCounterOfferNegotiationParty@2,(Offer  bid:Bid[Pie: a629])
159,1,0.8784530386740331,BoulwareNegotiationParty@0,(Accept  bid:Bid[Pie: a629])
159,2,0.8784530386740331,BoulwareNegotiationParty@1,(Offer  bid:Bid[Pie: a507])
159,3,0.8784530386740331,RandomCounterOfferNegotiationParty@2,(Offer  bid:Bid[Pie: a833])
160,1,0.8839779005524862,BoulwareNegotiationParty@0,(Accept  bid:Bid[Pie: a833])
160,2,0.8839779005524862,BoulwareNegotiationParty@1,(Offer  bid:Bid[Pie: a523])
160,3,0.8839779005524862,RandomCounterOfferNegotiationParty@2,(Offer  bid:Bid[Pie: a378])
161,1,0.8895027624309392,BoulwareNegotiationParty@0,(Offer  bid:Bid[Pie: a460])
161,2,0.8895027624309392,BoulwareNegotiationParty@1,(Accept  bid:Bid[Pie: a460])
161,3,0.8895027624309392,RandomCounterOfferNegotiationParty@2,(Offer  bid:Bid[Pie: a570])
162,1,0.8950276243093923,BoulwareNegotiationParty@0,(Accept  bid:Bid[Pie: a570])
162,2,0.8950276243093923,BoulwareNegotiationParty@1,(Offer  bid:Bid[Pie: a557])
162,3,0.8950276243093923,RandomCounterOfferNegotiationParty@2,(Offer  bid:Bid[Pie: a581])
163,1,0.9005524861878453,BoulwareNegotiationParty@0,(Accept  bid:Bid[Pie: a581])
163,2,0.9005524861878453,BoulwareNegotiationParty@1,(Offer  bid:Bid[Pie: a574])
163,3,0.9005524861878453,RandomCounterOfferNegotiationParty@2,(Accept  bid:Bid[Pie: a574])
164,1,0.9060773480662984,BoulwareNegotiationParty@0,(Accept  bid:Bid[Pie: a574])
agreement,Bid[Pie: a574],0.574,0.426,0.426
